{"tbl_trans_jual":[{"id_app":"2","no_nota":"00009","id_promo":"0","tgl_simpan":"2020-03-28 17:18:36","tgl_modif":"2020-03-28 17:18:49","tgl_bayar":"2020-03-28","tgl_masuk":"2020-03-28","tgl_keluar":"2020-03-28","tgl_ambil":"0000-00-00","jml_total":"95000.00","jml_diskon":"0.00","jml_biaya":"0.00","jml_gtotal":"95000.00","jml_bayar":"100000.00","jml_kembali":"5000.00","jml_kurang":"0.00","pengambilan":"","id_user":"1","id_biaya":"0","id_pelanggan":"5893","id_pengambilan":"0","metode_bayar":"1","status_bayar":"1","status_ambil":"0","ck_jasa_lipat":"0","ck_jasa_gantung":"0","tbl_trans_jual_det":[{"id_app":"2","id_kategori2":"379","tgl_simpan":"2020-03-28 17:18:36","no_nota":"00009","produk":"JUBAH SD EMPIRE","keterangan":"R","harga":"15000.00","diskon":"0.00","jml":"2","pcs":"1","uk":"1","qty":"2","subtotal":"30000.00","status_app":"0","status_hrg":"0","status_brg":"0"},{"id_app":"2","id_kategori2":"0","tgl_simpan":"0000-00-00 00:00:00","no_nota":"00009","produk":"R","keterangan":"","harga":"0.00","diskon":null,"jml":"0","pcs":"0","uk":"0","qty":"0","subtotal":"0.00","status_app":"0","status_hrg":"0","status_brg":"0"},{"id_app":"2","id_kategori2":"380","tgl_simpan":"2020-03-28 17:18:36","no_nota":"00009","produk":"GAUN SD EMPIRE","keterangan":"-","harga":"20000.00","diskon":"0.00","jml":"1","pcs":"1","uk":"1","qty":"1","subtotal":"20000.00","status_app":"0","status_hrg":"0","status_brg":"0"},{"id_app":"2","id_kategori2":"0","tgl_simpan":"0000-00-00 00:00:00","no_nota":"00009","produk":"-","keterangan":"","harga":"0.00","diskon":null,"jml":"0","pcs":"0","uk":"0","qty":"0","subtotal":"0.00","status_app":"0","status_hrg":"0","status_brg":"0"},{"id_app":"2","id_kategori2":"378","tgl_simpan":"2020-03-28 17:18:36","no_nota":"00009","produk":"Gaun Emas Ester","keterangan":"-","harga":"45000.00","diskon":"0.00","jml":"1","pcs":"1","uk":"1","qty":"1","subtotal":"45000.00","status_app":"0","status_hrg":"0","status_brg":"0"},{"id_app":"2","id_kategori2":"0","tgl_simpan":"0000-00-00 00:00:00","no_nota":"00009","produk":"-","keterangan":"","harga":"0.00","diskon":null,"jml":"0","pcs":"0","uk":"0","qty":"0","subtotal":"0.00","status_app":"0","status_hrg":"0","status_brg":"0"}],"tbl_trans_jual_det_ket":[{"tgl_simpan":"0000-00-00 00:00:00","produk":null,"keterangan":"JUBAH SD EMPIRE"},{"tgl_simpan":"0000-00-00 00:00:00","produk":null,"keterangan":"GAUN SD EMPIRE"},{"tgl_simpan":"0000-00-00 00:00:00","produk":null,"keterangan":"Gaun Emas Ester"}],"tbl_trans_jual_plat":[{"id_app":"2","id_platform":"1","id_penjualan":"9","no_nota":"00009","keterangan":""}]}],"tbl_m_pelanggan":null,"tbl_m_pelanggan_deposit":null,"tbl_m_pelanggan_deposit_hist":null,"tbl_m_kategori":[{"id":"26","id_app":"2","tgl_simpan":"2020-03-28 15:40:48","kategori":"Gaun Malaikat","keterangan":"Kategori Sementara @ CAB SUYUDI","status_temp":"1"},{"id":"27","id_app":"2","tgl_simpan":"2020-03-28 17:16:28","kategori":"JUBAH EMAS","keterangan":"Kategori Sementara @ CAB SUYUDI","status_temp":"1"}],"tbl_m_kategori2":[{"id":"377","id_app":"2","tgl_simpan":"2020-03-28 15:41:06","id_kategori":"26","kategori":"Jubah Anak Raja","keterangan":"Kategori Sementara @ CAB SUYUDI","harga":"10000.0000","status_temp":"1"},{"id":"378","id_app":"2","tgl_simpan":"2020-03-28 15:41:26","id_kategori":"26","kategori":"Gaun Emas Ester","keterangan":"Kategori Sementara @ CAB SUYUDI","harga":"45000.0000","status_temp":"1"},{"id":"379","id_app":"2","tgl_simpan":"2020-03-28 17:16:51","id_kategori":"27","kategori":"JUBAH SD EMPIRE","keterangan":"Kategori Sementara @ CAB SUYUDI","harga":"15000.0000","status_temp":"1"},{"id":"380","id_app":"2","tgl_simpan":"2020-03-28 17:17:06","id_kategori":"27","kategori":"GAUN SD EMPIRE","keterangan":"Kategori Sementara @ CAB SUYUDI","harga":"20000.0000","status_temp":"1"},{"id":"381","id_app":"2","tgl_simpan":"2020-03-28 17:17:25","id_kategori":"27","kategori":"BAJU TIDUR SD EMPIRE","keterangan":"Kategori Sementara @ CAB SUYUDI","harga":"100000.0000","status_temp":"1"},{"id":"382","id_app":"2","tgl_simpan":"2020-03-28 17:17:45","id_kategori":"27","kategori":"BAJU RENANG SD EMPIRE","keterangan":"Kategori Sementara @ CAB SUYUDI","harga":"75000.0000","status_temp":"1"}]}